z_obs,DA Gpc
0.01,0.041121288
0.0302,0.123186917
0.050804,0.205540675
0.07182008,0.288163491
0.093256482,0.371035923
0.115121611,0.454138172
0.137424043,0.537450094
0.160172524,0.620951213
0.183375975,0.704620734
0.207043494,0.788437555
0.231184364,0.872380288
0.255808051,0.956427265
0.280924213,1.040556563
0.306542697,1.124746013
0.332673551,1.208973219
0.359327022,1.293215576
0.386513562,1.377450286
0.414243833,1.461654374
0.44252871,1.54580471
0.471379284,1.629878025
0.50080687,1.713850929
0.530823007,1.797699929
0.561439467,1.881401453
0.592668257,1.964931861
0.624521622,2.048267474
0.657012054,2.131384583
0.690152295,2.214259476
0.723955341,2.296868458
0.758434448,2.379187862
0.793603137,2.461194079
0.8294752,2.542863569
0.866064704,2.624172887
0.903385998,2.705098697
0.941453718,2.785617794
0.980282792,2.86570712
1.019888448,2.945343787
1.060286217,3.024505092
1.101491941,3.103168533
1.14352178,3.181311834
1.186392216,3.258912955
1.23012006,3.335950111
1.274722461,3.412401793
1.320216911,3.488246776
1.366621249,3.563464144
1.413953674,3.638033296
1.462232747,3.71193397
1.511477402,3.785146248
1.56170695,3.857650578
1.612941089,3.929427782
1.665199911,4.00045907
1.718503909,4.070726053
1.772873988,4.140210753
1.828331467,4.208895617
1.884898097,4.276763523
1.942596059,4.343797791
2.00144798,4.409982196
2.061476939,4.475300971
2.122706478,4.539738817
2.185160608,4.603280914
2.24886382,4.66591292
2.313841096,4.727620985
2.380117918,4.788391751
2.447720277,4.848212357
2.516674682,4.907070449
2.587008176,4.964954177
2.658748339,5.021852199
2.731923306,5.077753689
2.806561772,5.132648331
2.882693008,5.186526328
2.960346868,5.239378395
3.039553805,5.291195768
3.120344881,5.341970195
3.202751779,5.391693942
3.286806814,5.440359788
3.372542951,5.487961025
3.45999381,5.534491453
3.549193686,5.579945383
3.64017756,5.624317629
3.732981111,5.667603504
3.827640733,5.709798821
3.924193548,5.750899885
4.022677419,5.790903486
4.123130967,5.829806903
4.225593586,5.867607887
4.330105458,5.904304665
4.436707567,5.939895928
4.545441719,5.974380828
4.656350553,6.00775897
4.769477564,6.040030406
4.884867115,6.071195628
5.002564458,6.10125556
5.122615747,6.130211551
5.245068062,6.158065368
5.369969423,6.184819188
5.497368811,6.210475589
5.627316188,6.235037543
5.759862511,6.258508408
5.895059762,6.280891921
6.032960957,6.302192185
6.173620176,6.322413664
6.317092579,6.341561177
6.463434431,6.359639883
6.61270312,6.376655276
6.764957182,6.392613179
6.920256326,6.407519728
7.078661452,6.421381371
7.240234681,6.434204853
7.405039375,6.445997213
7.573140162,6.45676577
7.744602966,6.466518116
7.919495025,6.475262111
8.097884925,6.483005868
8.279842624,6.48975775
8.465439476,6.495526356
8.654748266,6.500320519
8.847843231,6.504149291
9.044800096,6.50702194
9.245696098,6.508947938
9.45061002,6.509936955
9.65962222,6.509998849
9.872814665,6.50914366
10.09027096,6.5073816
10.31207638,6.504723048
10.5383179,6.501178536
10.76908426,6.496758752
11.00446595,6.49147452
11.24455527,6.485336802
11.48944637,6.478356688
11.7392353,6.470545385
11.99402001,6.461914214
12.25390041,6.452474605
12.51897841,6.442238082
12.78935798,6.431216264
13.06514514,6.419420857
13.34644804,6.406863642
13.63337701,6.393556476
13.92604455,6.379511281
14.22456544,6.364740039
14.52905675,6.349254786
14.83963788,6.333067607
15.15643064,6.316190629
15.47955925,6.298636014
15.80915044,6.280415956
16.14533344,6.261542676
16.48824011,6.242028412
16.83800492,6.22188542
17.19476501,6.201125964
17.55866031,6.179762314
17.92983352,6.157806738
18.30843019,6.135271501
18.69459879,6.112168857
19.08849077,6.088511048
19.49026059,6.064310296
19.9000658,6.0395788
20.31806711,6.014328733
20.74442846,5.988572235
21.17931702,5.962321413
21.62290337,5.935588335
22.07536143,5.908385024
22.53686866,5.880723458
23.00760603,5.852615565
23.48775816,5.824073219
23.97751332,5.795108238
24.47706358,5.765732378
24.98660486,5.735957332
