sys,id,zs,th_x,th_y,bxL,byL,bxC,byC
K1b,K1b.1,3.24,-57.52203577086744,49.39668000000097,-45.51462004840028,31.095127148817088,-43.45632438928951,35.23113657064543
K1b,K1b.2,3.24,-54.50912358517355,53.89667999999688,-43.7492161248204,33.391714586096036,-42.09197115463205,36.83254520226153
K1b,K1b.3,3.24,-53.41480163413309,54.9118799999917,-43.08866108787492,33.91325305898857,-41.647560233176826,37.19340611364092
K1c,K1c.1,3.24,-57.253997429254284,49.51548000000798,-45.31033191653042,31.137463814645532,-43.24689652221867,35.26009304096972
K1c,K1c.2,3.24,-54.95451060391908,53.169479999991154,-43.97492629358961,32.9923027364682,-42.20140966949953,36.54027579177394
K1c,K1c.3,3.24,-52.376908807612615,55.657080000003134,-42.428949253587994,34.28920165956095,-41.15706883151459,37.465589136896284
K1d,K1d.1,3.24,-56.86503953505738,50.491080000000466,-45.1002720469822,31.655150157386974,-43.052805871584894,35.653823495081916
K1d,K1d.2,3.24,-55.77071758398828,52.27308000000335,-44.464425343785315,32.55606750559235,-42.542686114337755,36.27313556957999
K1d,K1d.3,3.24,-52.08468655548271,56.04948000001002,-42.26131949305518,34.51976901699393,-41.047296432362906,37.66304976272956
K1e,K1e.1,3.24,-56.32090154834459,51.01668000000359,-44.7278534454571,31.890673143499512,-42.70513781446306,35.79866479314869
K1e,K1e.2,3.24,-56.038755925601436,51.452280000003725,-44.56107790322882,32.11035824013025,-42.56976967764272,35.94989583467459
K1e,K1e.3,3.24,-51.45590488196129,56.34107999999003,-41.83914709228138,34.648848062333386,-40.72065166115801,37.74222924944624
K2a,K2a.1,2.774,-13.73101979580294,3.4318799999965677,-12.470458944947666,3.796027418158374,-13.240495671972308,7.330131577281707
K2a,K2a.2,2.774,-23.735097447797546,-4.387320000009254,-17.62301548263231,1.7381881468073113,-15.791905560775138,5.283192541538339
K2a,K2a.3,2.774,12.65161125622394,21.34188000000279,-3.8415388665348615,9.959684261923261,-7.1338410261343626,11.33868137359747
K2b,K2b.1,2.774,-14.55931873113051,1.7938799999882349,-12.717855067874057,3.4198231920885993,-13.003394029414412,6.908880382099843
K2b,K2b.2,2.774,-21.872936337721388,-3.8833200000027546,-16.477823778372855,1.9394866592058584,-14.710863643806483,5.558812267728138
K2b,K2b.3,2.774,13.427511718746127,21.129480000001877,-3.4590930537263436,9.918616799260532,-6.543006659041177,11.279688091287209
K2c,K2c.1,2.774,-13.259433540669033,3.6982799999890403,-12.28143105395935,3.816667461374142,-13.227341841131368,7.3107585061160325
K2c,K2c.2,2.774,-24.166377185413083,-4.794120000005364,-17.89960334555989,1.580068965376304,-16.07730547076585,5.056368181034916
K2c,K2c.3,2.774,12.536737681255058,21.082679999992138,-3.922502604064686,9.812638623514635,-7.236080326551139,11.196652097712391
K3a,K3a.1,3.2541,-33.36230916085362,30.007079999995767,-26.23787037462707,17.133992854639672,-24.28114490769349,20.915835206880757
K3a,K3a.2,3.2541,-38.628355676692195,22.15907999998592,-29.0150954385998,13.797485192649335,-27.081457093253192,17.88905548096595
K3a,K3a.3,3.2541,-8.954697468000157,46.16027999998664,-14.304846244457899,24.672630491515093,-18.09791709284722,26.587892981436394
K3b,K3b.1,3.2541,-34.56142805747621,28.163879999993924,-26.815208968020254,16.375753292916833,-24.660402678077453,20.427413928170132
K3b,K3b.2,3.2541,-36.47397231448613,25.40268000000765,-27.828474441391485,15.195764466370075,-25.697030477616426,19.379155110100598
K3b,K3b.3,3.2541,-8.140505813802585,46.46267999999054,-13.890934129831317,24.87505533255954,-17.85498634468756,26.901732287959188
K4a,K4a.1,2.7768,-0.611248338432578,23.58828000000983,-9.857402946075098,10.647714837151254,-15.63186955298319,12.734558878415168
K4a,K4a.2,2.7768,-7.167103415345874,19.37628000000302,-11.92670829788116,8.996884466810974,-16.228902736708893,12.001400563634059
K4a,K4a.3,2.7768,-39.74081556063454,-3.6709200000018427,-28.422425369354006,1.8730071596531959,-28.052419481283188,3.7972877040202837
K4b,K4b.1,2.7768,-1.733784851733035,22.810680000003458,-10.331234630579441,10.283346827784928,-16.02162459604261,12.49647974857917
K4b,K4b.2,2.7768,-4.3315399068416465,20.607479999989664,-11.112888558269102,9.446028153934895,-16.25295559834877,12.102212539071015
K4b,K4b.3,2.7768,-40.32727539076597,-4.027319999997303,-28.83529220470823,1.7106355444958128,-28.566797270515696,3.5187349019758667
K4c,K4c.1,2.7768,0.17674407937662207,24.09588000000724,-9.509257515003908,10.913283887677938,-15.288834605324219,12.923895193656099
K4c,K4c.2,2.7768,-8.837808567159652,18.688679999999636,-12.510144769736788,8.780642357393974,-16.327760343658248,11.954407305329603
K4c,K4c.3,2.7768,-39.31961245240576,-3.3757200000053444,-28.1251290963938,2.0081341203318805,-27.676145672167163,4.023446415013836
K4d,K4d.1,2.7768,1.0594568133812001,24.54947999998751,-9.114273103192788,11.161296912174384,-14.876107300991556,13.107989035522646
K4d,K4d.2,2.7768,-10.02483550852387,17.74188000001118,-12.889242093072257,8.439085356672782,-16.313499478147495,11.747278521661869
K4d,K4d.3,2.7768,-38.65657023895219,-3.0013200000041707,-27.657265576479894,2.1811454785713718,-27.09037337810751,4.333086061805706
K5,K5.1,2.661,-42.014103149552724,3.2482799999996814,-30.28054440747402,5.16581915072503,-29.396623499851533,8.053092631551849
K5,K5.2,2.661,-13.753188380448067,25.86347999999532,-15.623076772882383,12.997019520029301,-18.28455982946521,15.318961547271774
K5,K5.3,2.661,-6.536306415952829,30.417480000008368,-12.541171643560059,14.808318046288662,-17.52666157122053,16.138916868940875
K6,K6.1,1.411,-17.140951179208862,13.785479999998529,-15.541996476504156,8.22999615910075,-15.927855957485288,11.6704990461058
K6,K6.2,1.411,-26.284484681844017,7.7518799999865,-20.30653363500971,6.403531292367639,-18.100042590405078,10.165588543661102
K6,K6.3,1.411,1.7567595667096279,25.49987999999246,-7.629912600354025,13.219283730616711,-12.9990263270284,14.683435023201673
K7a,K7a.1,1.621,-29.662170851218058,29.096279999993158,-24.15672179399999,17.430353406198044,-22.149153293967412,20.344754166601145
K7a,K7a.2,1.621,-32.60857728294793,24.28667999998595,-25.78961424161948,15.21826684384656,-23.436477504991586,18.893764052548914
K7b,K7b.1,1.621,-29.021297222409622,30.147479999999405,-23.84348199822888,17.862644717833327,-22.028483674088765,20.49816543014766
K7b,K7b.2,1.621,-33.52151990511276,22.958279999988918,-26.320725903096072,14.583294449206829,-23.991170352749215,18.31255442526411
K8a,K8a.1,3.26,-2.560068461188983,31.987080000010337,-10.914491181827328,15.309113632553142,-16.618600717792802,16.76898649651698
K8a,K8a.2,3.26,-15.379556362942951,24.211079999997764,-16.155527706393848,12.181405734733763,-18.053696061601357,15.114858245229916
K8a,K8a.3,3.26,-41.93752076625923,2.8882799999877307,-29.957091589048073,5.0377289023649965,-29.145197104890485,7.897209150985485
K8b,K8b.1,3.26,-2.9631336365445238,31.101479999995263,-11.08321861748339,14.765614465918258,-16.755226906787563,16.21515442931223
K8b,K8b.2,3.26,-14.512966235968632,24.351480000001402,-15.779555159933828,12.101146833746101,-18.04822560978781,14.936261196476998
K8b,K8b.3,3.26,-42.11083879164836,2.135879999994472,-30.059447842797752,4.694505777003152,-29.36149700717099,7.380573063612851
K9a,K9a.1,2.525,-18.589970484542725,35.34587999999701,-18.810963738346523,18.468917605478406,-20.22798325189327,19.35218969030251
K9a,K9a.2,2.525,-20.738307869133916,34.5502800000105,-19.89932312924734,18.08074628301798,-20.68418969240165,19.067964897640348
K9b,K9b.1,2.525,-19.136123797155783,35.31348000000207,-19.099753642409286,18.476923678024175,-20.364644978526027,19.376407148131822
K9b,K9b.2,2.525,-20.335242693778376,34.845480000007,-19.706704340529953,18.246946903499946,-20.620818006069634,19.206436722307565
K10a,K10a.1,2.993,-192.78466263805862,63.55547999998805,-148.81926508167692,48.02932144731574,-163.10130068040564,50.553809077261
K10a,K10a.2,2.993,-196.49487757708093,52.417079999997895,-150.98799961027507,41.57007036522477,-165.42179273912885,45.462960636783734
K10a,K10a.3,2.993,-195.29575868042969,34.58987999998726,-149.40769053275505,31.087851728811764,-165.40057288509206,36.328689988947296
K10b,K10b.1,2.993,-193.0547163055434,62.77067999999986,-148.95533748195112,47.531504495390195,-163.24234969164542,50.04922741600342
K10b,K10b.2,2.993,-196.29334498940315,53.20187999998609,-150.85241308322918,41.99621240898942,-165.2424749412357,45.715052649392874
K10b,K10b.3,2.993,-195.1607318466873,34.11468000001037,-149.29587028959764,30.791254312154845,-165.3449363594078,35.98065633543126
K11,K11.1,2.592,-195.31389661333156,39.91787999999019,-150.05775705030402,34.45728103544637,-165.19257091321884,39.92924875667774
K11,K11.2,2.592,-196.08173577236727,46.60307999999418,-150.9213811106157,38.464723527061295,-165.38152242675886,43.552768181939726
K11,K11.3,2.592,-189.52386536952508,68.63147999998773,-147.4313040890674,51.3127442414505,-161.45125073181342,54.196544839141666
K12a,K12a.1,1.602,-178.31462284326437,47.38068000000055,-138.51837453507306,38.653150525442115,-155.0292953097257,44.53939618078843
K12a,K12a.2,1.602,-180.7309985694401,40.299479999998766,-140.2350940927594,35.133444018889904,-156.28411925826333,41.09865343112402
K12a,K12a.3,1.602,-179.2416727465592,66.4030799999864,-141.43491957368755,49.543057416315065,-154.960544357643,52.82648226615902
K12b,K12b.1,1.602,-177.94581820784097,46.76148000000353,-138.1348442882432,38.321399680859486,-154.73847214805096,44.269752758399534
K12b,K12b.2,1.602,-180.04780309724165,40.958279999998126,-139.65016092268357,35.47185542540595,-155.85763880957776,41.43584712046356
K12b,K12b.3,1.602,-178.6914887822029,66.58668000000887,-141.01451798433507,49.59291030896185,-154.6005684077807,52.92404978054297
K13a,K13a.1,3.517,-187.47629427880142,62.48628000000167,-143.33227759398545,46.30803680318601,-158.6270462234666,49.39040605300606
K13a,K13a.2,3.517,-190.67260111927118,54.84348000001091,-144.99481129103808,42.11122952678577,-160.30218406219132,45.79935217276942
K13a,K13a.3,3.517,-189.55207993181372,30.98987999999565,-143.57494733831425,29.018455571099885,-160.79670514203016,33.78523462329243
K13b,K13b.1,3.517,-187.06516779995937,63.58427999999208,-143.14304729588707,46.96499777107832,-158.33839263156406,50.07474321342373
K13b,K13b.2,3.517,-191.0958195533716,53.70228000000168,-145.2078542068316,41.52647929032305,-160.45320734641143,45.45253315683847
K14a,K14a.1,1.861,-191.02528314769296,42.48827999999776,-148.18763017752445,36.34873846928973,-162.69985821488825,42.04347388343669
K14a,K14a.2,1.861,-191.48276212169688,44.31347999999389,-148.59308425661283,37.430552539546156,-162.81607630126194,42.96353686847435
K14a,K14a.3,1.861,-186.38600297950418,68.42627999999422,-146.6681533817054,51.5267283843029,-159.91507528506372,54.296690602213665
K14b,K14b.1,1.861,-191.1159728121451,43.17228000001023,-148.26262995923548,36.75865446647324,-162.67781981657146,42.412950415001916
K14b,K14b.2,1.861,-191.25503029763073,43.68347999999855,-148.38599059015633,37.062666975769034,-162.71820550223322,42.67359469153996
K15,K15.1,3.537,-42.73357448755492,56.09627999999418,-35.7008487696226,33.445086727251294,-35.87632257285439,36.20767265663696
K15,K15.2,3.537,-47.084663055357034,51.97427999999036,-38.169751758100674,31.3381714258067,-37.435197256130024,34.847280266997295
K15,K15.3,3.537,-52.83438778161653,42.51348000001087,-41.414592787421746,26.59241578349348,-39.94924113471759,31.493617249664403
N1,N1.1,1.852,-11.274337552108863,13.245480000006182,-12.713490446737442,6.873667566057947,-15.253598884921086,10.07303585036923
N1,N1.2,1.852,3.2158555014588828,22.20587999999566,-7.538462686383427,10.584591704251308,-12.77977857616841,12.273150153847705
N1,N1.3,1.852,-32.076531251493506,-1.9357200000087005,-23.569884983990768,2.396990808422152,-21.881659855249396,5.4800763882320185
N2a,N2a.1,2.128,11.186469343859818,12.107879999987858,-4.883028395614742,5.687787427348499,-8.365524844418987,6.726724831317469
N2a,N2a.2,2.128,-24.83345005060989,-12.184919999992871,-18.867630554714967,-1.7971850518911232,-17.45990632562537,0.4817472171670065
N2a,N2a.3,2.128,0.08605441492448924,-2.688120000001959,-8.447066641086808,3.2862522891350316,-11.162051983080495,4.475914918284957
N2b,N2b.1,2.128,11.369863998635706,11.193479999994338,-4.8930180760320585,5.324592102266803,-8.316514398330122,6.300365114535748
N2b,N2b.2,2.128,-24.635948114675365,-12.876120000012747,-18.788299059001847,-2.1033934480211425,-17.3948794870455,0.08769889535287057
N2b,N2b.3,2.128,0.2613877661852476,-3.307319999998981,-8.456724296507335,3.161909121595154,-11.146220379093522,4.341747678568885
N3a,N3a.1,2.547,-187.93981923044882,38.34827999998822,-143.3893165757169,33.64221665491863,-159.80845093900982,39.78262963269308
N3a,N3a.2,2.547,-183.58671533674644,71.06147999999166,-142.80504958209815,52.11073269417632,-156.9654874121602,55.33381354243979
N3a,N3a.3,2.547,-190.01762020933276,47.132279999988214,-145.10871170431972,38.629445924456206,-160.1431095643966,44.192596962475065
N3b,N3b.1,2.547,-188.0486468277742,38.64708000000121,-143.48206400294958,33.81886743395799,-159.86626613029262,39.988893501865455
N3b,N3b.2,2.547,-183.57462338148807,71.28467999999089,-142.83261628820847,52.267416240796095,-156.98470744359776,55.50126486349231
N3b,N3b.3,2.547,-190.05994205275138,46.81188000000418,-145.15474988819113,38.467637041096935,-160.21753518542457,44.09185346826696
N4,N4.1,2.587,-194.91083143797604,63.19548000000168,-151.37960840984073,48.31542735078891,-165.08497788641142,50.66476530867507
N4,N4.2,2.587,-198.1937972911547,51.48108000000775,-153.34638196824645,41.340440063068755,-167.43902209241668,45.28027019867965
N4,N4.3,2.587,-197.80282407105753,36.98747999999625,-152.4609426958622,32.60944729022153,-167.5211531928102,37.761759323621085
N5a,N5a.1,3.252,-37.13096855029619,11.427479999991874,-27.006417394954546,8.6625999466382,-25.06292563593763,12.938243756025095
N5a,N5a.3,3.252,0.553610018315151,38.45268000000601,-9.401658048392413,19.412804034254528,-15.132773591656452,21.097644093257944
N5b,N5b.1,3.252,-35.534830455932926,13.058279999992806,-26.047796545229083,9.251820849995234,-23.991632927087714,13.523364771569035
N5b,N5b.3,3.252,1.2307595128987132,38.74427999998602,-9.04040499081998,19.61389411908577,-14.742209733204975,21.338161103294915
N6,N6.1,3.892,-176.81320506512512,68.3038799999963,-135.12645226733042,48.23844957454937,-151.10804787529054,52.36715707611611
N6,N6.2,3.892,-175.16063784621323,52.25148000000672,-131.39914254220685,39.078395266226394,-150.57632738595433,45.353666076769464
N6,N6.3,3.892,-181.83539714989593,32.17068000000722,-136.28391324907582,30.113595469093287,-154.49508604387398,35.15035543965338
N7a,N7a.1,4.345,3.469786561913399,23.095080000001644,-8.524941683074237,9.865187818090718,-13.9910874212541,11.907162951984562
N7a,N7a.2,4.345,-8.569770225546499,15.625080000009461,-12.212421459852607,6.894228419571837,-15.901570982551243,10.288983164945748
N7a,N7a.3,4.345,-40.86536739983526,-7.288919999999166,-28.749017201009224,0.525018689366302,-29.026141722640766,1.8803279780439865
N7b,N7b.1,4.345,3.010292262037867,24.29748000000984,-8.698302936512896,10.501995767265727,-14.333216034573175,12.540892459778753
N7b,N7b.2,4.345,-9.240873742486555,16.417080000005058,-12.548944848978548,7.344662768182905,-16.132264091473697,10.7955075411632
N7b,N7b.3,4.345,-41.29463181157917,-6.392520000011359,-29.044345896775404,0.9097853369620967,-29.26716354858231,2.3113685822529195
N8a,N8a.1,5.09,5.275518547440925,-8.250120000002426,-8.26132765811327,1.7339520753456803,-10.877368164625754,2.4387598969174515
N8a,N8a.2,5.09,14.45129726410796,4.213079999993852,-5.535327243897552,3.076247509739175,-8.28054931421729,3.6551026126683346
N8a,N8a.3,5.09,-27.73148866130626,-22.106520000011187,-20.80301510512394,-5.682558780476587,-20.53075384169874,-5.11545341535631
N8b,N8b.1,5.09,5.164675624243928,-7.944120000007615,-8.332436558689317,1.8480679680779026,-10.968763530312941,2.566784638945519
N8b,N8b.2,5.09,14.302163149235575,4.5730800000058025,-5.589457420501805,3.1565843846517625,-8.355353998815033,3.7615547440720256
N8b,N8b.3,5.09,-28.017664935821294,-21.879719999995473,-20.957893780261156,-5.590093949768033,-20.727845940062405,-5.014453024243611
N9a,N9a.1,6.64,-10.750352824140933,-13.030920000005608,-11.538915248715714,0.09346129613940768,-10.800794589200965,2.112090239984644
N9a,N9a.2,6.64,-15.369479733584837,-14.6149199999968,-13.525821263105607,-0.922566407293747,-12.235539085563232,1.1607825007921253
N9b,N9b.1,6.64,-9.21467450609818,-12.508919999993395,-10.992114513961956,0.42135602134376526,-10.572842897938061,2.3604887327328274
N9b,N9b.2,6.64,-16.83462164594896,-15.06852000000265,-14.23900064758078,-1.2385939475865957,-12.882903978076552,0.784735426763957
N10,N10.1,1.471,-3.5354861855173163,7.085880000005318,-8.771795257793602,3.3762010391212125,-11.866850321723417,5.162130946499889
N10,N10.2,1.471,4.521786669563867,10.502280000000042,-6.842260532366947,4.780297880484052,-10.822040715662858,5.905149448500147
N10,N10.3,1.471,-25.34735814916243,-9.495720000003871,-19.471871266555567,-1.2344517270449877,-17.9908781679107,1.3311215447629756
N11,N11.1,0.897,5.188859534760677,6.985080000004018,-5.048218303423484,3.9217330201041407,-8.380129495611007,4.659797509859849
N11,N11.2,0.897,-11.060713009172717,-4.3333199999921135,-11.057543186224535,0.5164922841990087,-11.340431836404752,2.707040624572273
N12,N12.1,2.575,-4.547179775649415,12.500279999994746,-10.31255558200089,5.33950401846756,-14.341660004675992,7.945726992968588
N12,N12.2,2.575,2.6273803454558307,16.204680000004146,-8.359942570081952,6.809513163390715,-13.204526466328453,8.62755249618574
